{
  "best_alpha": 0.18420699693267145,
  "cv_rmse": 0.1806427330960695,
  "cv_mse": 0.03263179702041781
}